DROP DATABASE IF EXISTS mediVerse;
CREATE DATABASE IF NOT EXISTS mediVerse;

USE mediVerse;

# ---------------------------------------------------------------------- #
# Tables                                                                 #
# ---------------------------------------------------------------------- #

CREATE TABLE IF NOT EXISTS Staff (
   staffId INT AUTO_INCREMENT PRIMARY KEY,
   name VARCHAR(255) NOT NULL,
   email VARCHAR(255) NOT NULL,
   status VARCHAR(255) NOT NULL
);
CREATE TABLE IF NOT EXISTS Patient (
   patientId INT AUTO_INCREMENT PRIMARY KEY,
   name VARCHAR(255) NOT NULL,
   gender VARCHAR(20) NOT NULL,
   DOB DATE NOT NULL,
   status VARCHAR(20) NOT NULL
);
CREATE TABLE IF NOT EXISTS Tasks (
   taskId INT AUTO_INCREMENT PRIMARY KEY,
   type VARCHAR(255) NOT NULL,
   status ENUM('pending', 'in_progress', 'completed') DEFAULT 'pending',
   dueDate DATE,
   staffId INT,
   CONSTRAINT FK_Tasks_Staff FOREIGN KEY (staffId) REFERENCES Staff (staffId)
);
CREATE TABLE IF NOT EXISTS Appointment (
   appointmentId INT AUTO_INCREMENT PRIMARY KEY,
   dateTime DATETIME NOT NULL,
   reason VARCHAR(255) NOT NULL,
   status ENUM('scheduled', 'completed') DEFAULT 'scheduled',
   staffId INT,
   patientId INT,
   CONSTRAINT FK_Appointment_Staff FOREIGN KEY (staffId) REFERENCES Staff (staffId),
   CONSTRAINT FK_Appointment_Patient FOREIGN KEY (patientId) REFERENCES Patient (patientId)
);
CREATE TABLE IF NOT EXISTS CarePlan (
   carePlanId INT AUTO_INCREMENT PRIMARY KEY,
   goals VARCHAR(255) NOT NULL,
   startTime DATETIME NOT NULL,
   endTime DATETIME,
   staffId INT,
   patientId INT,
   CONSTRAINT FK_CarePlan_Staff FOREIGN KEY (staffId) REFERENCES Staff (staffId),
   CONSTRAINT FK_CarePlan_Patient FOREIGN KEY (patientId) REFERENCES Patient (patientId)
);
CREATE TABLE IF NOT EXISTS AuditLog (
   logId INT AUTO_INCREMENT PRIMARY KEY,
   timeStamp DATETIME NOT NULL,
   action VARCHAR(255) NOT NULL,
   outcome VARCHAR(255),
   staffId INT,
   CONSTRAINT FK_AuditLog_Staff FOREIGN KEY (staffId) REFERENCES Staff (staffId)
);
CREATE TABLE IF NOT EXISTS Vitals (
   vitalsId INT NOT NULL AUTO_INCREMENT,
   type VARCHAR(255) NOT NULL,
   value INT,
   timestamp DATETIME NOT NULL DEFAULT CURRENT_TIMESTAMP,
   patientId INT,
   PRIMARY KEY (vitalsId, patientId),
   CONSTRAINT FK_Vitals_Patient FOREIGN KEY (patientId) REFERENCES Patient(patientId)
);
CREATE TABLE IF NOT EXISTS Conditions (
   conditionsId INT AUTO_INCREMENT PRIMARY KEY,
   conditionName VARCHAR(255) NOT NULL,
   dateDiagnosed DATETIME NOT NULL,
   notes TEXT,
   patientId INT,
   CONSTRAINT FK_Conditions_Patient FOREIGN KEY (patientId) REFERENCES Patient (patientId)
);


CREATE TABLE IF NOT EXISTS LabResult (
   labResultId INT AUTO_INCREMENT PRIMARY KEY,
   labType VARCHAR(255) NOT NULL,
   value VARCHAR(255) NOT NULL,
   date DATETIME NOT NULL,
   isModified BOOLEAN NOT NULL DEFAULT FALSE,
   isOutlier BOOLEAN NOT NULL DEFAULT FALSE,
   patientId INT NOT NULL,
   CONSTRAINT FK_LR_Patient FOREIGN KEY (patientId) REFERENCES Patient(patientId)
);


CREATE TABLE IF NOT EXISTS DataRequest (
   requestId INT AUTO_INCREMENT PRIMARY KEY,
   title VARCHAR(255) NOT NULL,
   description VARCHAR(255) NOT NULL,
   status ENUM('pending', 'in_progress', 'completed') DEFAULT 'pending',
   dateCreated DATETIME NOT NULL,
   staffId INT,
   CONSTRAINT FK_DataRequest_Staff FOREIGN KEY (staffId) REFERENCES Staff(staffId)
);
CREATE TABLE IF NOT EXISTS Project (
   projectId INT AUTO_INCREMENT PRIMARY KEY,
   name VARCHAR(255) NOT NULL,
   startDate DATETIME NOT NULL,
   endDate DATETIME NOT NULL,
   requestId INT,
   CONSTRAINT FK_Project_DataRequest FOREIGN KEY (requestId) REFERENCES DataRequest(requestId)
);
CREATE TABLE IF NOT EXISTS Visualization (
   visualizationId INT AUTO_INCREMENT PRIMARY KEY,
   type VARCHAR(255) NOT NULL,
   dateCreated DATETIME NOT NULL,
   summary VARCHAR(255) NOT NULL,
   projectId INT,
   CONSTRAINT FK_Visualization_Project FOREIGN KEY (projectId) REFERENCES Project(projectId)
);
CREATE TABLE IF NOT EXISTS Permission (
   permissionId INT PRIMARY KEY,
   action VARCHAR(255) NOT NULL,
   resource VARCHAR(255) NOT NULL
);
CREATE TABLE IF NOT EXISTS Role (
   roleId INT PRIMARY KEY,
   name VARCHAR(255) NOT NULL,
   description VARCHAR(255) NOT NULL,
   permissionId INT,
   CONSTRAINT FK_Role_Permission FOREIGN KEY (permissionId) REFERENCES Permission(permissionId)
);
CREATE TABLE IF NOT EXISTS Department (
   departmentId INT PRIMARY KEY,
   location VARCHAR(255) NOT NULL,
   name VARCHAR(255) NOT NULL
);
CREATE TABLE IF NOT EXISTS Integration (
   integrationId INT AUTO_INCREMENT PRIMARY KEY,
   systemName VARCHAR(255) NOT NULL,
   status VARCHAR(255) NOT NULL,
   lastSyncDate DATETIME NOT NULL,
   departmentId INT,
   CONSTRAINT FK_Integration_Department FOREIGN KEY (departmentId) REFERENCES Department(departmentId)
);
CREATE TABLE IF NOT EXISTS SystemAlert (
   alertId INT AUTO_INCREMENT PRIMARY KEY,
   type VARCHAR(255) NOT NULL,
   severity ENUM('warning', 'critical') DEFAULT 'warning' NOT NULL,
   message VARCHAR(255),
   timestamp DATETIME NOT NULL,
   departmentId INT,
   permissionId INT,
   CONSTRAINT FK_SystemAlert_Department FOREIGN KEY (departmentId) REFERENCES Department(departmentId),
   CONSTRAINT FK_SystemAlert_Permission FOREIGN KEY (permissionId) REFERENCES Permission(permissionId)
);
CREATE TABLE IF NOT EXISTS Project_Patient (
   projectId INT,
   patientId INT,
   CONSTRAINT FK_PP_Project FOREIGN KEY (projectId) REFERENCES Project(projectId),
   CONSTRAINT FK_PP_Patient FOREIGN KEY (patientId) REFERENCES Patient(patientId)
);
CREATE TABLE IF NOT EXISTS Treatment (
   treatmentId INT,
   type VARCHAR(255) NOT NULL,
   name VARCHAR(255) NOT NULL,
   dosage VARCHAR(255) NOT NULL,
   frequency VARCHAR(255) NOT NULL,
   startdate DATETIME NOT NULL,
   endDate DATETIME NOT NULL,
   patientId INT,
   PRIMARY KEY (treatmentId, patientId)
);
CREATE TABLE IF NOT EXISTS Project_Treatment (
   projectId INT,
   treatmentId INT,
   patientId INT,
   PRIMARY KEY (projectId, treatmentId, patientId),
   CONSTRAINT FK_PT_Project FOREIGN KEY (projectId) REFERENCES Project(projectId),
   CONSTRAINT FK_PT_Treatment FOREIGN KEY (treatmentId, patientId) REFERENCES Treatment(treatmentId, patientId),
      CONSTRAINT FK_PT_Patient FOREIGN KEY (patientId) REFERENCES Patient(patientId)
);
CREATE TABLE IF NOT EXISTS Staff_Role (
   staffId INT,
   roleId INT,
   PRIMARY KEY (staffId, roleId),
   CONSTRAINT FK_SR_Staff FOREIGN KEY (staffId) REFERENCES Staff(staffId),
   CONSTRAINT FK_SR_Role FOREIGN KEY (roleId) REFERENCES Role(roleId)
);
CREATE TABLE IF NOT EXISTS Project_Condition (
   projectId INT NOT NULL,
   conditionsId INT NOT NULL,
   patientId INT NOT NULL,
   PRIMARY KEY (projectId, conditionsId),
   CONSTRAINT FK_PC_Project FOREIGN KEY (projectId) REFERENCES Project(projectId),
   CONSTRAINT FK_PC_C FOREIGN KEY (conditionsId) REFERENCES Conditions(conditionsId),
   CONSTRAINT FK_PC_CP FOREIGN KEY (patientId) REFERENCES Patient(patientId)
);
CREATE TABLE IF NOT EXISTS Project_Vitals (
   projectId INT NOT NULL,
   vitalsId INT NOT NULL,
   patientId INT NOT NULL,
   PRIMARY KEY (projectId, vitalsId),
   CONSTRAINT FK_PV_Project FOREIGN KEY (projectId) REFERENCES Project(projectId),
   CONSTRAINT FK_PV_Vitals FOREIGN KEY (vitalsId, patientId) REFERENCES Vitals(vitalsId, patientId),
   CONSTRAINT FK_PV_V FOREIGN KEY (patientId) REFERENCES Patient(patientId)
);
CREATE TABLE Project_Labs (
   projectId INT NOT NULL,
   labResultId INT NOT NULL,
   patientId INT NOT NULL,
   PRIMARY KEY (projectId, labResultId),
   CONSTRAINT FK_PL_Project FOREIGN KEY (projectId) REFERENCES Project(projectId),
   CONSTRAINT FK_PL_LabResult FOREIGN KEY (labResultId)REFERENCES LabResult(labResultId),
   CONSTRAINT FK_PL_Patient FOREIGN KEY (patientId)  REFERENCES Patient(patientId)
);

# ---------------------------------------------------------------------- #
# Data                                                                   #
# ---------------------------------------------------------------------- #

INSERT INTO Staff (name, email, status) VALUES
('Orelia Streeten', 'ostreeten0@mediverse.com', 'inactive'),
('Kerk Khalid', 'kkhalid1@mediverse.com', 'active'),
('Rorie Denisevich', 'rdenisevich2@amazon.co.jp', 'inactive'),
('Fiona Runciman', 'frunciman3@mediverse.com', 'active'),
('Fancie Seeman', 'fseeman4@mediverse.com', 'inactive'),
('Donna Tassel', 'dtassel5@mediverse.com', 'inactive'),
('Norina Tather', 'ntather6@mediverse.com', 'inactive'),
('Correy Dowtry', 'cdowtry7@mediverse.com', 'active'),
('Sibylla Trewman', 'strewman8@mediverse.com', 'inactive'),
('Dareen Nardrup', 'dnardrup9@mediverse.com', 'inactive'),
('Alidia Dowle', 'adowlea@mediverse.com', 'active'),
('Betsey Brechin', 'bbrechinb@mediverse.com', 'inactive'),
('Emelina Lenglet', 'elengletc@mediverse.com', 'active'),
('Bee Whyard', 'bwhyardd@mediverse.com', 'inactive'),
('Jacques Labbet', 'jlabbete@mediverse.com', 'active'),
('Petronille Yarker', 'pyarkerf@mediverse.com', 'inactive'),
('Mallory Gaines', 'mgainesg@mediverse.com', 'inactive'),
('Cletus Northwood', 'cnorthwoodh@mediverse.com', 'inactive'),
('Nedi Geldert', 'ngelderti@mediverse.com', 'active'),
('Sigrid Brockbank', 'sbrockbankj@mediverse.com', 'active'),
('Judye Milam', 'jmilamk@mediverse.com', 'active'),
('Ursulina Poad', 'upoadl@mediverse.com', 'active'),
('Linnea Barwack', 'lbarwackm@mediverse.com', 'active'),
('Lockwood Spirit', 'lspiritn@mediverse.com', 'active'),
('Zebulon Simonson', 'zsimonsono@mediverse.com', 'active'),
('Tana Toffts', 'ttofftsp@mediverse.com', 'active'),
('Claribel Botwood', 'cbotwoodq@mediverse.com', 'inactive'),
('Pearla Albertson', 'palbertsonr@mediverse.com', 'active'),
('Oralie Adkins', 'oadkinss@mediverse.com', 'inactive'),
('Rodger Baud', 'rbaudt@mediverse.com', 'active'),
('Druci Beeken', 'dbeekenu@mediverse.com', 'active'),
('Inglebert Kordes', 'ikordesv@mediverse.com', 'active'),
('Gerrie Wyndham', 'gwyndhamw@mediverse.com', 'active'),
('Lane MacDonough', 'lmacdonoughx@mediverse.com', 'active'),
('Cybil Atte-Stone', 'cattestoney@mediverse.com', 'inactive'),
('Zachary Jeratt', 'zjerattz@mediverse.com', 'active'),
('Ambur Peeter', 'apeeter10@mediverse.com', 'inactive'),
('Maureen Hovert', 'mhovert11@mediverse.com', 'active'),
('Arlee Kembrey', 'akembrey12@mediverse.com', 'inactive'),
('Alika Lacrouts', 'alacrouts13@mediverse.com', 'active');

INSERT INTO Patient (name, gender, DOB, status) VALUES
('Udale Tather', 'male', '2017-02-08', 'active'),
('Clemmie Evitt', 'female', '1959-04-25', 'active'),
('Abigail Jarred', 'female', '1963-05-26', 'inactive'),
('Noel Gerbel', 'male', '1997-08-06', 'active'),
('Mariam Kilmister', 'female', '1941-06-30', 'inactive'),
('Jerrie De Angelo', 'female', '1961-06-01', 'active'),
('Manda Grimbleby', 'female', '2023-08-25', 'active'),
('Griffy Stot', 'male', '1951-06-11', 'inactive'),
('Clayborn Slessar', 'male', '2017-11-12', 'active'),
('Clarissa Bewsey', 'female', '2009-06-10', 'inactive'),
('Reinhard Matussov', 'male', '1950-09-11', 'active'),
('Sarena Girvin', 'female', '1954-07-21', 'active'),
('Fidelia Galvin', 'female', '1977-09-09', 'inactive'),
('Burt Backshill', 'male', '1942-05-14', 'inactive'),
('Orsola Happs', 'female', '1992-08-01', 'active'),
('Aldin Walliker', 'male', '1991-03-17', 'active'),
('Tine Hounsom', 'female', '1993-10-26', 'inactive'),
('Ave Wyburn', 'female', '2022-11-01', 'active'),
('Kin Sansum', 'male', '1960-05-13', 'inactive'),
('Egon Ricson', 'male', '1950-04-20', 'active'),
('Dot O''Hogertie', 'female', '2009-04-26', 'inactive'),
('Shellie Chominski', 'female', '1994-09-07', 'inactive'),
('Judi Kenn', 'female', '1964-05-26', 'inactive'),
('Lana Iacovides', 'female', '1943-06-26', 'inactive'),
('Dalila Simpkiss', 'female', '1971-08-12', 'active'),
('Mendel Jean', 'male', '1931-11-28', 'inactive'),
('Brigida Heliot', 'female', '2005-12-05', 'inactive'),
('Chlo Gillbey', 'female', '1995-10-17', 'active'),
('Ferris Bircher', 'male', '1957-01-17', 'inactive'),
('Dori Nowakowski', 'female', '2009-12-11', 'active'),
('Rasla Penquet', 'female', '1998-01-11', 'inactive'),
('Gualterio Averay', 'male', '1948-11-27', 'inactive'),
('Bail Jeffress', 'male', '2022-01-05', 'inactive'),
('Phillipe Hirschmann', 'male', '1960-04-29', 'inactive'),
('Ceciley Humbee', 'female', '1948-02-26', 'active'),
('Ranice Kinig', 'female', '1937-01-25', 'active'),
('Nadean Coop', 'female', '1937-11-30', 'active'),
('Linnea Stockell', 'female', '1939-07-28', 'active'),
('Deanna Valdes', 'female', '2004-10-16', 'active'),
('Jarret Rosenstock', 'male', '2022-07-12', 'active');

INSERT INTO Tasks (type, status, dueDate, staffId) VALUES
('Prepare Lab Sample', 'in_progress', '2025-12-14', 1),
('Contact Pharmacy', 'completed', '2026-03-14', 2),
('Update Patient Chart', 'completed', '2026-08-27', 3),
('Prepare Lab Sample', 'pending', '2026-03-09', 4),
('Remove Stitches', 'in_progress', '2026-06-03', 5),
('Contact Pharmacy', 'completed', '2026-12-01', 6),
('Administer IV Fluids', 'completed', '2025-12-29', 7),
('Update Patient Chart', 'pending', '2026-03-02', 8),
('Coordinate Specialist Referral', 'completed', '2026-10-29', 9),
('Update Medication List', 'in_progress', '2026-08-18', 10),
('Administer Medication', 'completed', '2026-03-30', 11),
('Prepare Lab Sample', 'pending', '2026-03-10', 12),
('Update Patient Chart', 'completed', '2026-04-12', 13),
('Administer Medication', 'in_progress', '2026-10-17', 14),
('Administer IV Fluids', 'in_progress', '2026-11-02', 15),
('Remove Stitches', 'completed', '2025-12-13', 16),
('Prepare Lab Sample', 'pending', '2026-06-04', 17),
('Check Vitals', 'pending', '2026-10-24', 18),
('Coordinate Specialist Referral', 'completed', '2026-04-15', 19),
('Update Medication List', 'pending', '2026-04-17', 20),
('Update Medication List', 'completed', '2026-05-12', 21),
('Update Medication List', 'in_progress', '2026-02-20', 22),
('Prepare Follow-Up Instructions', 'completed', '2026-06-14', 23),
('Update Medication List', 'completed', '2025-12-07', 24),
('Check Oxygen Levels', 'pending', '2026-04-06', 25),
('Update Patient Chart', 'pending', '2026-03-01', 26),
('Update Patient Chart', 'pending', '2026-04-04', 27),
('Contact Pharmacy', 'in_progress', '2026-10-19', 28),
('Administer IV Fluids', 'pending', '2026-04-30', 29),
('Conduct Pain Assessment', 'pending', '2026-04-23', 30),
('Check Oxygen Levels', 'pending', '2026-03-02', 31),
('Prepare Lab Sample', 'pending', '2026-06-26', 32),
('Check Oxygen Levels', 'completed', '2025-12-10', 33),
('Schedule Appointment', 'in_progress', '2026-01-11', 34),
('Administer Medication', 'pending', '2026-06-17', 35),
('Administer Medication', 'pending', '2026-04-15', 36),
('Prepare Lab Sample', 'completed', '2026-06-21', 37),
('Check Vitals', 'completed', '2026-08-22', 38),
('Schedule Appointment', 'in_progress', '2026-09-03', 39),
('Check Oxygen Levels', 'completed', '2026-07-28', 40);

INSERT INTO Appointment (dateTime, reason, status, staffId, patientId) VALUES
('2026-11-24 09:00:00', 'Gynecological Exam', 'completed', 1, 3),
('2026-07-20 14:30:00', 'Gynecological Exam', 'scheduled', 2, 2),
('2025-07-17 10:15:00', 'Diagnostic Testing Appointment', 'scheduled', 1, 5),
('2025-09-27 13:45:00', 'Respiratory Symptoms Evaluation', 'scheduled', 4, 4),
('2026-02-13 08:30:00', 'Imaging Results Review', 'completed', 3, 1),
('2025-10-22 11:00:00', 'Prenatal Checkup', 'scheduled', 6, 7),
('2025-05-27 15:00:00', 'Respiratory Symptoms Evaluation', 'scheduled', 2, 2),
('2025-06-18 09:45:00', 'Vaccination Appointment', 'completed', 8, 6),
('2025-08-12 14:00:00', 'Specialist Referral Consultation', 'completed', 4, 8),
('2026-11-11 10:30:00', 'Gynecological Exam', 'completed', 10, 9),
('2026-05-08 13:15:00', 'Physical Therapy Session', 'scheduled', 11, 3),
('2026-02-02 08:45:00', 'Annual Physical', 'scheduled', 12, 5),
('2025-08-06 09:30:00', 'Cardiology Follow-Up', 'scheduled', 13, 2),
('2026-06-13 11:15:00', 'Pre-Surgical Evaluation', 'completed', 14, 7),
('2025-04-11 14:30:00', 'Lab Test Review', 'completed', 3, 9),
('2026-06-05 10:00:00', 'Pediatric Wellness Visit', 'scheduled', 16, 10),
('2026-09-13 09:15:00', 'Lab Test Review', 'completed', 5, 12),
('2025-09-10 15:45:00', 'Annual Physical', 'completed', 18, 1),
('2025-02-24 11:30:00', 'Injury Assessment', 'scheduled', 7, 11),
('2026-09-12 13:00:00', 'Physical Therapy Session', 'scheduled', 20, 6),
('2025-09-16 08:00:00', 'Respiratory Symptoms Evaluation', 'completed', 2, 14),
('2026-02-04 12:15:00', 'Specialist Referral Consultation', 'completed', 22, 4),
('2025-11-09 09:45:00', 'Prenatal Checkup', 'scheduled', 6, 17),
('2025-02-22 14:00:00', 'Blood Pressure Check', 'completed', 24, 2),
('2025-11-19 10:30:00', 'Post-Surgical Follow-Up', 'completed', 25, 8),
('2026-08-01 13:15:00', 'Pediatric Wellness Visit', 'completed', 16, 10),
('2025-01-14 09:00:00', 'Prenatal Checkup', 'completed', 2, 19),
('2025-09-06 11:45:00', 'Diagnostic Testing Appointment', 'scheduled', 28, 3),
('2026-09-19 08:30:00', 'Prenatal Checkup', 'completed', 29, 6),
('2026-06-15 14:00:00', 'Diagnostic Testing Appointment', 'scheduled', 30, 5),
('2025-05-17 10:15:00', 'Injury Assessment', 'scheduled', 7, 14),
('2026-08-08 09:30:00', 'Diabetes Management Visit', 'completed', 32, 12),
('2026-06-15 15:00:00', 'Prenatal Checkup', 'scheduled', 33, 11),
('2026-06-09 11:30:00', 'Post-Surgical Follow-Up', 'scheduled', 34, 3),
('2026-04-18 13:45:00', 'Post-Surgical Follow-Up', 'completed', 35, 8),
('2026-01-28 08:45:00', 'Pre-Surgical Evaluation', 'scheduled', 36, 9),
('2025-07-04 10:00:00', 'Diabetes Management Visit', 'scheduled', 37, 2),
('2025-12-19 14:30:00', 'Vaccination Appointment', 'scheduled', 8, 7),
('2025-03-20 09:15:00', 'Cardiology Follow-Up', 'scheduled', 39, 1),
('2025-06-17 15:45:00', 'Specialist Referral Consultation', 'completed', 40, 10);

INSERT INTO CarePlan (goals, startTime, endTime, staffId, patientId) VALUES
('Strengthen Immune System', '2026-07-07 09:00:00', '2026-12-22 17:00:00', 1, 3),
('Lower Blood Pressure', '2024-12-25 08:30:00', '2026-07-04 16:30:00', 2, 5),
('Improve Sleep Quality', '2026-11-08 10:15:00', '2026-12-30 15:45:00', 3, 2),
('Improve Mobility', '2025-04-05 11:00:00', '2025-12-27 14:00:00', 4, 4),
('Promote Rehabilitation After Surgery', '2025-02-01 09:30:00', '2025-06-13 16:00:00', 5, 6),
('Strengthen Immune System', '2026-02-11 08:45:00', '2026-12-06 17:30:00', 6, 1),
('Manage Diabetes', '2025-10-11 09:00:00', '2026-06-01 16:00:00', 7, 7),
('Increase Physical Activity', '2025-09-26 10:00:00', '2026-05-02 15:00:00', 8, 2),
('Improve Sleep Quality', '2025-11-24 08:15:00', '2025-12-15 12:30:00', 9, 8),
('Monitor Blood Sugar Levels', '2026-07-03 09:00:00', '2026-07-25 14:45:00', 10, 10),
('Reduce Cholesterol Levels', '2026-10-25 08:30:00', '2026-12-26 16:00:00', 11, 3),
('Reduce Cholesterol Levels', '2025-03-08 09:15:00', '2026-03-02 15:45:00', 12, 5),
('Reduce Stress', '2025-09-11 10:00:00', '2026-04-09 16:30:00', 13, 9),
('Lower Blood Pressure', '2025-02-26 08:45:00', '2025-12-25 14:00:00', 14, 6),
('Lower Blood Pressure', '2025-05-26 09:30:00', '2026-06-18 16:00:00', 15, 11),
('Improve Hydration and Nutrition', '2025-11-29 08:00:00', '2026-03-08 15:30:00', 16, 4),
('Manage Chronic Pain', '2026-02-14 09:45:00', '2026-11-12 17:00:00', 17, 12),
('Increase Physical Activity', '2026-01-18 10:15:00', '2026-02-10 16:45:00', 18, 7),
('Reduce Stress', '2024-12-30 09:00:00', '2026-12-18 17:30:00', 19, 13),
('Improve Sleep Quality', '2026-03-13 08:30:00', '2026-03-24 15:00:00', 20, 2),
('Monitor Blood Sugar Levels', '2024-12-21 09:15:00', '2026-07-21 16:45:00', 21, 14),
('Reduce Stress', '2025-07-20 08:45:00', '2026-10-21 16:00:00', 22, 5),
('Reduce Cholesterol Levels', '2025-09-28 09:00:00', '2026-09-30 15:30:00', 23, 11),
('Monitor Blood Sugar Levels', '2026-01-16 08:30:00', '2026-11-23 17:00:00', 24, 8),
('Manage Asthma Symptoms', '2025-03-16 09:00:00', '2026-11-24 16:00:00', 25, 10),
('Lower Blood Pressure', '2026-05-03 09:45:00', '2026-12-23 15:30:00', 26, 13),
('Promote Rehabilitation After Surgery', '2025-07-15 10:00:00', '2025-12-21 16:45:00', 27, 3),
('Lower Blood Pressure', '2025-07-19 08:30:00', '2026-12-17 17:00:00', 28, 9),
('Strengthen Immune System', '2025-04-05 09:00:00', '2026-03-28 15:00:00', 29, 6),
('Reduce Cholesterol Levels', '2026-09-07 10:15:00', '2026-11-06 16:30:00', 30, 12),
('Lower Blood Pressure', '2026-08-25 08:30:00', '2026-12-12 17:00:00', 31, 8),
('Promote Rehabilitation After Surgery', '2025-12-10 09:00:00', '2025-12-20 14:30:00', 32, 7),
('Improve Mobility', '2026-02-10 08:45:00', '2026-03-16 15:00:00', 33, 4),
('Reduce Cholesterol Levels', '2026-07-26 09:00:00', '2026-08-02 16:00:00', 34, 11),
('Reduce Cholesterol Levels', '2026-09-03 10:00:00', '2026-09-19 16:30:00', 35, 2),
('Increase Physical Activity', '2025-04-15 08:30:00', '2026-11-03 17:00:00', 36, 10),
('Reduce Cholesterol Levels', '2026-12-20 09:00:00', '2026-12-31 16:30:00', 37, 5),
('Monitor Blood Sugar Levels', '2026-05-12 08:45:00', '2026-05-20 15:00:00', 38, 7),
('Manage Asthma Symptoms', '2026-04-27 09:15:00', '2026-09-23 16:00:00', 39, 9),
('Increase Physical Activity', '2026-04-21 08:30:00', '2026-06-23 17:00:00', 40, 6);

INSERT INTO AuditLog (timeStamp, action, outcome, staffId) VALUES
('2005-04-11', 'Visit Note Added', 'Visit note successfully created', 1),
('2022-12-27', 'Medication Updated', 'Visit note successfully created', 2),
('2011-11-28', 'Medication Updated', 'Visit note successfully created', 2),
('2025-10-31', 'Visit Note Added', 'Medication list updated for patient', 4),
('2024-08-16', 'Medication Updated', 'Medication list updated for patient', 5),
('2007-11-02', 'Visit Note Added', 'Medication list updated for patient', 5),
('2011-12-02', 'Visit Note Added', 'Medication list updated for patient', 7),
('2011-10-10', 'Medication Updated', 'Medication list updated for patient', 8),
('2026-05-22', 'Visit Note Added', 'Visit note successfully created', 9),
('2003-09-15', 'Medication Updated', 'Visit note successfully created', 9),
('2004-07-06', 'Visit Note Added', 'Medication list updated for patient', 11),
('2004-02-25', 'Visit Note Added', 'Medication list updated for patient', 11),
('2006-06-13', 'Medication Updated', 'Medication list updated for patient', 13),
('2021-07-17', 'Medication Updated', 'Visit note successfully created', 14),
('2009-02-10', 'Visit Note Added', 'Medication list updated for patient', 14),
('2016-01-28', 'Visit Note Added', 'Visit note successfully created', 16),
('2009-10-15', 'Visit Note Added', 'Visit note successfully created', 16),
('2007-06-04', 'Medication Updated', 'Medication list updated for patient', 18),
('2008-07-17', 'Visit Note Added', 'Medication list updated for patient', 18),
('2009-09-14', 'Medication Updated', 'Medication list updated for patient', 20),
('2019-03-19', 'Medication Updated', 'Visit note successfully created', 20),
('2000-08-01', 'Medication Updated', 'Medication list updated for patient', 22),
('2020-03-07', 'Visit Note Added', 'Visit note successfully created', 22),
('2012-03-24', 'Medication Updated', 'Medication list updated for patient', 24),
('2025-06-14', 'Visit Note Added', 'Medication list updated for patient', 24),
('2015-08-18', 'Visit Note Added', 'Medication list updated for patient', 26),
('2009-05-19', 'Visit Note Added', 'Visit note successfully created', 26),
('2013-05-22', 'Medication Updated', 'Medication list updated for patient', 26),
('2006-03-09', 'Visit Note Added', 'Visit note successfully created', 29),
('2018-03-29', 'Visit Note Added', 'Medication list updated for patient', 29),
('2000-06-19', 'Visit Note Added', 'Visit note successfully created', 31),
('2016-01-27', 'Visit Note Added', 'Medication list updated for patient', 31),
('2000-03-10', 'Visit Note Added', 'Medication list updated for patient', 33),
('2021-08-09', 'Medication Updated', 'Medication list updated for patient', 33),
('2013-02-09', 'Medication Updated', 'Visit note successfully created', 35),
('2004-01-06', 'Medication Updated', 'Medication list updated for patient', 35),
('2008-04-20', 'Visit Note Added', 'Visit note successfully created', 37),
('2007-07-23', 'Visit Note Added', 'Visit note successfully created', 37),
('2024-02-06', 'Visit Note Added', 'Visit note successfully created', 37),
('2017-07-27', 'Medication Updated', 'Visit note successfully created', 40);

INSERT INTO Vitals (type, value, timeStamp, patientId) VALUES
('Blood Pressure (systolic)', 124, '2025-11-24 09:45:00', 7),
('Blood Pressure (diastolic)', 82, '2025-11-24 09:45:00', 7),
('Heart Rate', 79, '2025-11-24 09:50:00', 8),
('Respiratory Rate', 17, '2025-11-24 09:55:00', 9),
('Body Temperature', 98.4, '2025-11-24 10:00:00', 10),
('Oxygen Saturation', 98, '2025-11-24 10:05:00', 1),
('Blood Glucose (Fasting)', 88, '2025-11-24 10:10:00', 2),
('Blood Glucose (Random)', 162, '2025-11-24 10:15:00', 2),
('Weight', 162, '2025-11-24 10:20:00', 3),
('Height', 165, '2025-11-24 10:25:00', 3),
('BMI', 27.1, '2025-11-24 10:30:00', 4),
('Pain Level', 5, '2025-11-24 10:35:00', 5),
('Peak Flow', 395, '2025-11-24 10:40:00', 6),
('Body Fat Percentage', 22.9, '2025-11-24 10:45:00', 7),
('Heart Rate', 84, '2025-11-24 10:50:00', 8),
('Respiratory Rate', 15, '2025-11-24 10:55:00', 9),
('Oxygen Saturation', 96, '2025-11-24 11:00:00', 10),
('Blood Pressure (systolic)', 139, '2025-11-24 11:05:00', 1),
('Blood Pressure (diastolic)', 90, '2025-11-24 11:05:00', 1),
('Body Temperature', 97.9, '2025-11-24 11:10:00', 2),
('Blood Glucose (Fasting)', 101, '2025-11-24 11:15:00', 3),
('Heart Rate', 67, '2025-11-24 11:20:00', 4),
('Weight', 148, '2025-11-24 11:25:00', 5),
('Height', 172, '2025-11-24 11:30:00', 5),
('Pain Level', 1, '2025-11-24 11:35:00', 6),
('BMI', 23.2, '2025-11-24 11:40:00', 7),
('Peak Flow', 410, '2025-11-24 11:45:00', 8),
('Oxygen Saturation', 99, '2025-11-24 11:50:00', 9),
('Blood Pressure (systolic)', 117, '2025-11-24 11:55:00', 10),
('Blood Pressure (diastolic)', 74, '2025-11-24 11:55:00', 10),
('Heart Rate', 93, '2025-11-24 12:00:00', 1),
('Respiratory Rate', 20, '2025-11-24 12:05:00', 2),
('Body Temperature', 99.3, '2025-11-24 12:10:00', 3),
('Blood Glucose (Random)', 182, '2025-11-24 12:15:00', 4),
('Blood Glucose (Fasting)', 112, '2025-11-24 12:20:00', 4),
('Body Fat Percentage', 19.4, '2025-11-24 12:25:00', 5),
('Peak Flow', 430, '2025-11-24 12:30:00', 6),
('Pain Level', 4, '2025-11-24 12:35:00', 7),
('BMI', 29.8, '2025-11-24 12:40:00', 8),
('Weight', 189, '2025-11-24 12:45:00', 9),
('Height', 180, '2025-11-24 12:50:00', 9),
('Oxygen Saturation', 94, '2025-11-24 12:55:00', 10),
('Blood Pressure (systolic)', 128, '2025-11-24 13:00:00', 3),
('Blood Pressure (diastolic)', 85, '2025-11-24 13:00:00', 3),
('Heart Rate', 76, '2025-11-24 13:05:00', 4),
('Respiratory Rate', 14, '2025-11-24 13:10:00', 5),
('Body Temperature', 98.1, '2025-11-24 13:15:00', 6),
('Blood Glucose (Random)', 140, '2025-11-24 13:20:00', 7),
('Blood Glucose (Fasting)', 95, '2025-11-24 13:25:00', 7),
('Pain Level', 2, '2025-11-24 13:30:00', 8),
('Peak Flow', 450, '2025-11-24 13:35:00', 9),
('Body Fat Percentage', 24.5, '2025-11-24 13:40:00', 10),
('Heart Rate', 81, '2025-11-24 13:45:00', 1),
('Oxygen Saturation', 98, '2025-11-24 13:50:00', 2),
('Blood Pressure (systolic)', 142, '2025-11-24 13:55:00', 4),
('Blood Pressure (diastolic)', 92, '2025-11-24 13:55:00', 4),
('Body Temperature', 99.0, '2025-11-24 14:00:00', 6);

INSERT INTO Conditions (conditionName, dateDiagnosed, notes, patientId) VALUES
('Hypertension', '2023-05-10', 'Requires daily monitoring', 1),
('Diabetes Type 2', '2020-02-15', 'Managing with medication', 2),
('Asthma', '2021-08-22', 'Mild persistent; uses inhaler', 3),
('Hypothyroidism', '2024-01-12', 'Stable with medication', 4),
('Hyperlipidemia', '2022-03-18', 'Encouraged dietary changes', 5),
('Anxiety Disorder', '2021-11-05', 'Attending therapy sessions', 6),
('Chronic Back Pain', '2020-07-14', 'Physical therapy recommended', 7),
('Migraines', '2023-02-27', 'Triggers include stress', 8),
('Allergic Rhinitis', '2024-06-01', 'Seasonal flare-ups', 9),
('Insomnia', '2022-10-20', 'Sleep hygiene counseling', 10),
('GERD', '2020-05-11', 'Responding well to PPIs', 1),
('Vitamin D Deficiency', '2021-04-05', 'Prescribed supplements', 2),
('Arthritis', '2023-07-29', 'Pain varies with activity', 3),
('Depression', '2020-09-16', 'On long-term medication', 4),
('Eczema', '2022-12-03', 'Mild; topical treatment', 5),
('Obesity', '2024-05-19', 'Lifestyle counseling ongoing', 6),
('Chronic Kidney Disease Stage 2', '2021-02-08', 'Requires lab monitoring', 7),
('Iron Deficiency Anemia', '2023-04-23', 'Improved with supplements', 8),
('Seasonal Allergies', '2020-03-30', 'Managed with antihistamines', 9),
('Osteoporosis', '2025-01-14', 'Bone density scan completed', 10),
('Prediabetes', '2022-01-20', 'Encouraged diet & exercise', 1),
('PCOS', '2021-07-26', 'Hormonal imbalance ongoing', 2),
('ADHD', '2023-11-09', 'On stimulant treatment', 3),
('Chronic Fatigue Syndrome', '2024-04-02', 'Energy varies daily', 4),
('Psoriasis', '2020-10-18', 'Topicals prescribed', 5),
('Heart Murmur', '2022-08-13', 'Benign; annual follow-up', 6),
('COPD', '2023-06-21', 'Moderate severity', 7),
('Celiac Disease', '2021-05-17', 'Gluten-free diet required', 8),
('Gout', '2024-02-28', 'Managed with allopurinol', 9),
('UTI', '2022-09-05', 'Resolved after antibiotics', 10),
('Bipolar Disorder', '2020-12-22', 'Mood stable on meds', 1),
('Sciatica', '2023-03-11', 'Pain radiates down leg', 2),
('Anemia', '2021-06-30', 'Iron supplementation ongoing', 3),
('Coronary Artery Disease', '2024-07-15', 'Requires strict follow-up', 4),
('Sinusitis', '2020-01-28', 'Recurrent episodes', 5),
('Glaucoma', '2022-11-10', 'Eye drops daily', 6),
('Epilepsy', '2023-09-04', 'Seizures controlled', 7),
('Ulcerative Colitis', '2021-03-22', 'Flare-ups intermittent', 8),
('Rheumatoid Arthritis', '2024-10-09', 'Autoimmune; on DMARDs', 9),
('Pneumonia', '2020-04-16', 'Fully recovered', 10);

INSERT INTO LabResult (labType, value, date, isModified, isOutlier, patientId) VALUES
('Blood Glucose', '98 mg/dL', '2025-11-20 07:45:00', false, false, 1),
('Blood Glucose', '145 mg/dL', '2025-11-21 08:10:00', true, true, 2),
('Cholesterol', '205 mg/dL', '2025-11-19 09:00:00', false, true, 3),
('A1C', '5.8%', '2025-11-18 10:20:00', false, false, 1),
('A1C', '7.2%', '2025-11-17 11:00:00', true, true, 4),
('Blood Pressure', '132/85', '2025-11-14 08:30:00', false, false, 2),
('Blood Pressure', '158/98', '2025-11-12 07:50:00', false, true, 3),
('TSH', '3.0 µIU/mL', '2025-11-13 09:45:00', true, false, 1),
('TSH', '6.5 µIU/mL', '2025-11-10 10:15:00', false, true, 5),
('Sodium', '139 mmol/L', '2025-11-09 07:20:00', false, false, 2),
('Sodium', '150 mmol/L', '2025-11-08 06:50:00', true, true, 4),
('Potassium', '4.0 mmol/L', '2025-11-07 12:30:00', false, false, 1),
('Potassium', '2.9 mmol/L', '2025-11-06 13:00:00', false, true, 3),
('Creatinine', '0.9 mg/dL', '2025-11-05 14:10:00', false, false, 2),
('Creatinine', '1.8 mg/dL', '2025-11-04 15:00:00', true, true, 6),
('Hemoglobin', '13.5 g/dL', '2025-11-03 16:20:00', false, false, 1),
('Hemoglobin', '9.2 g/dL', '2025-11-02 17:10:00', true, true, 4),
('Platelet Count', '220,000 /µL', '2025-11-01 07:40:00', false, false, 3),
('Platelet Count', '480,000 /µL', '2025-10-31 08:15:00', false, true, 2),
('WBC', '6.1 x10^3/µL', '2025-10-30 09:05:00', false, false, 1),
('WBC', '15.2 x10^3/µL', '2025-10-29 11:25:00', true, true, 5),
('RBC', '4.7 x10^6/µL', '2025-10-28 13:45:00', false, false, 2),
('RBC', '3.1 x10^6/µL', '2025-10-27 14:10:00', false, true, 6),
('ALT', '28 U/L', '2025-10-26 10:00:00', false, false, 3),
('ALT', '95 U/L', '2025-10-25 10:30:00', true, true, 4),
('AST', '24 U/L', '2025-10-24 09:50:00', false, false, 1),
('AST', '112 U/L', '2025-10-23 09:15:00', false, true, 5),
('Calcium', '9.6 mg/dL', '2025-10-22 08:40:00', false, false, 2),
('Calcium', '11.8 mg/dL', '2025-10-21 08:05:00', true, true, 6),
('Magnesium', '2.0 mg/dL', '2025-10-20 07:30:00', false, false, 3),
('Magnesium', '1.1 mg/dL', '2025-10-19 06:50:00', false, true, 4),
('CRP', '1.2 mg/L', '2025-10-18 11:15:00', false, false, 1),
('CRP', '17.5 mg/L', '2025-10-17 12:00:00', true, true, 2),
('Vitamin D', '32 ng/mL', '2025-10-16 13:20:00', false, false, 5),
('Vitamin D', '12 ng/mL', '2025-10-15 14:25:00', false, true, 3),
('Iron', '85 µg/dL', '2025-10-14 15:10:00', false, false, 1),
('Iron', '22 µg/dL', '2025-10-13 16:00:00', true, true, 4),
('Triglycerides', '140 mg/dL', '2025-10-12 09:10:00', false, false, 2),
('Triglycerides', '360 mg/dL', '2025-10-11 10:00:00', false, true, 6),
('LDL', '120 mg/dL', '2025-10-10 11:30:00', false, false, 3),
('LDL', '210 mg/dL', '2025-10-09 12:10:00', true, true, 5);

INSERT INTO DataRequest (title, description, status, dateCreated, staffId) VALUES
('Blood Analysis', 'Routine check of blood components', 'pending', '2023-01-15 09:30:00', 101),
('Urine Test', 'Check for infection and protein levels', 'completed', '2021-05-20 14:00:00', 102),
('X-Ray', 'Chest imaging for respiratory assessment', 'in progress', '2024-07-10 11:15:00', 103),
('MRI Scan', 'Brain imaging for neurological check', 'pending', '2022-03-05 08:45:00', 104),
('CT Scan', 'Abdominal imaging for pain diagnosis', 'completed', '2025-01-22 13:30:00', 105),
('ECG', 'Heart rhythm monitoring', 'pending', '2020-12-11 10:00:00', 106),
('Blood Pressure Review', 'Monitor hypertension', 'completed', '2021-08-30 09:15:00', 107),
('Cholesterol Test', 'Check lipid profile', 'pending', '2023-06-18 08:50:00', 108),
('Allergy Test', 'Assess for allergic reactions', 'in progress', '2022-11-12 10:45:00', 109),
('Vitamin D Test', 'Check vitamin D levels', 'completed', '2024-02-25 14:20:00', 110),
('Blood Analysis', 'Monitor glucose levels', 'pending', '2025-09-08 09:00:00', 101),
('Urine Test', 'Routine urinalysis', 'completed', '2023-04-14 15:30:00', 102),
('X-Ray', 'Fracture assessment', 'pending', '2022-06-19 11:10:00', 103),
('MRI Scan', 'Spinal cord imaging', 'in progress', '2020-09-23 12:45:00', 104),
('CT Scan', 'Lung assessment', 'completed', '2021-12-05 08:30:00', 105),
('ECG', 'Pre-surgery heart check', 'pending', '2024-08-10 09:50:00', 106),
('Blood Pressure Review', 'Hypertension follow-up', 'in progress', '2022-01-16 10:15:00', 107),
('Cholesterol Test', 'High cholesterol monitoring', 'completed', '2023-10-01 14:05:00', 108),
('Allergy Test', 'Skin prick test', 'pending', '2021-03-12 08:40:00', 109),
('Vitamin D Test', 'Vitamin deficiency check', 'completed', '2025-05-22 13:25:00', 110),
('Blood Analysis', 'Complete blood count', 'pending', '2020-07-19 10:00:00', 101),
('Urine Test', 'Kidney function monitoring', 'completed', '2024-11-05 09:30:00', 102),
('X-Ray', 'Bone density scan', 'in progress', '2023-08-21 14:10:00', 103),
('MRI Scan', 'Brain tumor follow-up', 'pending', '2025-02-11 11:45:00', 104),
('CT Scan', 'Liver assessment', 'completed', '2021-06-30 10:20:00', 105),
('ECG', 'Cardiac health monitoring', 'pending', '2022-09-17 08:55:00', 106),
('Blood Pressure Review', 'Routine check', 'completed', '2020-04-10 09:40:00', 107),
('Cholesterol Test', 'Assess cholesterol treatment', 'in progress', '2023-12-01 13:15:00', 108),
('Allergy Test', 'Evaluate environmental allergens', 'pending', '2021-07-26 11:05:00', 109),
('Vitamin D Test', 'Bone health assessment', 'completed', '2024-10-19 14:50:00', 110),
('Blood Analysis', 'Hemoglobin monitoring', 'in progress', '2022-05-04 08:35:00', 101),
('Urine Test', 'Proteinuria check', 'pending', '2023-03-08 09:25:00', 102),
('X-Ray', 'Sinus evaluation', 'completed', '2020-08-15 12:15:00', 103),
('MRI Scan', 'Joint imaging', 'pending', '2024-01-22 10:40:00', 104),
('CT Scan', 'Abdominal pain follow-up', 'in progress', '2025-04-03 09:55:00', 105),
('ECG', 'Arrhythmia monitoring', 'completed', '2021-02-18 14:30:00', 106),
('Blood Pressure Review', 'Daily monitoring', 'pending', '2022-10-07 08:20:00', 107),
('Cholesterol Test', 'Routine check', 'in progress', '2023-09-14 11:50:00', 108),
('Allergy Test', 'Food allergy assessment', 'completed', '2025-01-28 13:40:00', 109),
('Vitamin D Test', 'Seasonal deficiency check', 'pending', '2024-05-16 10:10:00', 110);

INSERT INTO Project (name, startDate, endDate, requestId) VALUES
('Hypertension Study', '2020-01-10 08:00:00', '2021-01-10 08:00:00', 1),
('Diabetes Research', '2021-03-15 09:00:00', '2022-03-15 09:00:00', 2),
('Cholesterol Analysis', '2022-06-20 10:00:00', '2023-06-20 10:00:00', 3),
('Asthma Monitoring', '2020-09-05 11:00:00', '2021-09-05 11:00:00', 4),
('Sleep Quality Study', '2023-01-12 08:30:00', '2024-01-12 08:30:00', 5),
('Heart Rate Variability Research', '2024-02-18 09:15:00', '2025-02-18 09:15:00', 6),
('Blood Pressure Trends', '2020-04-22 10:45:00', '2021-04-22 10:45:00', 7),
('Kidney Function Study', '2021-07-30 13:00:00', '2022-07-30 13:00:00', 8),
('Liver Health Research', '2022-11-10 14:30:00', '2023-11-10 14:30:00', 9),
('Cancer Marker Study', '2020-05-18 08:20:00', '2021-05-18 08:20:00', 10),
('Vitamin D Research', '2021-08-25 09:45:00', '2022-08-25 09:45:00', 11),
('Obesity Intervention', '2022-12-12 10:10:00', '2023-12-12 10:10:00', 12),
('Heart Disease Monitoring', '2020-03-15 11:35:00', '2021-03-15 11:35:00', 13),
('Stroke Recovery Study', '2021-06-18 12:00:00', '2022-06-18 12:00:00', 14),
('Diabetes Prevention Program', '2022-09-22 08:40:00', '2023-09-22 08:40:00', 15),
('Sleep Apnea Research', '2020-07-29 09:20:00', '2021-07-29 09:20:00', 16),
('Blood Glucose Monitoring', '2021-10-05 10:50:00', '2022-10-05 10:50:00', 17),
('Cholesterol Reduction Study', '2022-01-17 11:30:00', '2023-01-17 11:30:00', 18),
('Respiratory Health Project', '2020-08-13 12:15:00', '2021-08-13 12:15:00', 19),
('Cardiac Rehab Research', '2021-11-21 13:45:00', '2022-11-21 13:45:00', 20),
('Kidney Disease Study', '2022-03-09 08:05:00', '2023-03-09 08:05:00', 21),
('Liver Function Monitoring', '2020-05-26 09:25:00', '2021-05-26 09:25:00', 22),
('Cancer Therapy Evaluation', '2021-09-14 10:55:00', '2022-09-14 10:55:00', 23),
('Obesity Prevention Program', '2022-12-03 11:35:00', '2023-12-03 11:35:00', 24),
('Stroke Rehabilitation Study', '2020-04-07 08:15:00', '2021-04-07 08:15:00', 25),
('Diabetes Complications Research', '2021-07-19 09:45:00', '2022-07-19 09:45:00', 26),
('Sleep Disorders Study', '2022-10-25 10:25:00', '2023-10-25 10:25:00', 27),
('Heart Rate Study', '2020-06-15 11:05:00', '2021-06-15 11:05:00', 28),
('Blood Pressure Intervention', '2021-08-30 12:35:00', '2022-08-30 12:35:00', 29),
('Cholesterol Monitoring Program', '2022-01-11 13:15:00', '2023-01-11 13:15:00', 30),
('Respiratory Therapy Study', '2020-09-23 08:50:00', '2021-09-23 08:50:00', 31),
('Cardiac Health Research', '2021-12-05 09:30:00', '2022-12-05 09:30:00', 32),
('Kidney Monitoring Program', '2022-03-18 10:10:00', '2023-03-18 10:10:00', 33),
('Liver Disease Prevention', '2020-07-29 11:40:00', '2021-07-29 11:40:00', 34),
('Cancer Screening Project', '2021-10-10 12:20:00', '2022-10-10 12:20:00', 35),
('Obesity Risk Assessment', '2022-01-15 13:55:00', '2023-01-15 13:55:00', 36),
('Stroke Prevention Study', '2020-04-28 08:35:00', '2021-04-28 08:35:00', 37),
('Diabetes Management Program', '2021-07-12 09:10:00', '2022-07-12 09:10:00', 38),
('Sleep Quality Improvement', '2022-11-20 10:45:00', '2023-11-20 10:45:00', 39),
('Heart Disease Risk Study', '2020-06-05 11:25:00', '2021-06-05 11:25:00', 40);

INSERT INTO Visualization (type, dateCreated, summary, projectId) VALUES
('data_subset', '2020-01-15 08:00:00', 'Blood pressure trends for group A', 1),
('full_dataset', '2020-02-10 09:15:00', 'Glucose levels overview', 2),
('data_subset', '2020-03-22 10:30:00', 'Cholesterol distribution summary', 3),
('full_dataset', '2020-04-05 11:45:00', 'Asthma patient comparison', 4),
('data_subset', '2020-05-12 08:20:00', 'Sleep quality subset analysis', 5),
('full_dataset', '2020-06-18 09:35:00', 'Heart rate variability overview', 6),
('data_subset', '2020-07-23 10:50:00', 'Blood pressure intervention group', 7),
('full_dataset', '2020-08-29 11:05:00', 'Kidney function dataset summary', 8),
('data_subset', '2020-09-14 08:40:00', 'Liver health comparison chart', 9),
('full_dataset', '2020-10-21 09:55:00', 'Cancer marker trends', 10),
('data_subset', '2020-11-05 10:10:00', 'Vitamin D subset analysis', 11),
('full_dataset', '2020-12-12 11:25:00', 'Obesity intervention outcomes', 12),
('data_subset', '2021-01-17 08:15:00', 'Heart disease monitoring summary', 13),
('full_dataset', '2021-02-25 09:30:00', 'Stroke recovery dataset', 14),
('data_subset', '2021-03-30 10:45:00', 'Diabetes prevention analysis', 15),
('full_dataset', '2021-04-12 11:00:00', 'Sleep apnea trends', 16),
('data_subset', '2021-05-20 08:35:00', 'Blood glucose subset', 17),
('full_dataset', '2021-06-25 09:50:00', 'Cholesterol reduction overview', 18),
('data_subset', '2021-07-30 10:05:00', 'Respiratory health comparison', 19),
('full_dataset', '2021-08-18 11:20:00', 'Cardiac rehab dataset', 20),
('data_subset', '2021-09-10 08:10:00', 'Kidney disease subset', 21),
('full_dataset', '2021-10-22 09:25:00', 'Liver function dataset', 22),
('data_subset', '2021-11-16 10:40:00', 'Cancer therapy outcomes', 23),
('full_dataset', '2021-12-05 11:55:00', 'Obesity prevention trends', 24),
('data_subset', '2022-01-12 08:30:00', 'Stroke rehab analysis', 25),
('full_dataset', '2022-02-20 09:45:00', 'Diabetes complications overview', 26),
('data_subset', '2022-03-14 10:00:00', 'Sleep disorder trends', 27),
('full_dataset', '2022-04-18 11:15:00', 'Heart rate study dataset', 28),
('data_subset', '2022-05-23 08:50:00', 'Blood pressure intervention subset', 29),
('full_dataset', '2022-06-29 10:05:00', 'Cholesterol monitoring data', 30),
('data_subset', '2022-07-15 11:20:00', 'Respiratory therapy outcomes', 31),
('full_dataset', '2022-08-21 08:35:00', 'Cardiac health dataset summary', 32),
('data_subset', '2022-09-10 09:50:00', 'Kidney monitoring subset', 33),
('full_dataset', '2022-10-12 10:05:00', 'Liver disease prevention trends', 34),
('data_subset', '2022-11-18 11:20:00', 'Cancer screening outcomes', 35),
('full_dataset', '2022-12-24 08:40:00', 'Obesity risk assessment data', 36),
('data_subset', '2023-01-15 09:55:00', 'Stroke prevention subset', 37),
('full_dataset', '2023-02-19 10:10:00', 'Diabetes management dataset', 38),
('data_subset', '2023-03-21 11:25:00', 'Sleep quality improvement subset', 39),
('full_dataset', '2023-04-16 08:50:00', 'Heart disease risk summary', 40);

INSERT INTO Permission (permissionId, action, resource) VALUES
(1, 'read', 'Patient Data'),
(2, 'write', 'Treatment Plan'),
(3, 'update', 'Lab Results'),
(4, 'delete', 'Patient Data'),
(5, 'read', 'Medication Records'),
(6, 'write', 'Medication Records'),
(7, 'read', 'Appointment Schedule'),
(8, 'update', 'Appointment Schedule'),
(9, 'delete', 'Lab Results'),
(10, 'read', 'Care Plans'),
(11, 'write', 'Care Plans'),
(12, 'update', 'Care Plans'),
(13, 'read', 'Billing Information'),
(14, 'write', 'Billing Information'),
(15, 'read', 'Staff Records'),
(16, 'update', 'Staff Records'),
(17, 'delete', 'Staff Records'),
(18, 'read', 'Patient Notes'),
(19, 'write', 'Patient Notes'),
(20, 'update', 'Patient Notes'),
(21, 'read', 'Diagnostic Imaging'),
(22, 'write', 'Diagnostic Imaging'),
(23, 'update', 'Diagnostic Imaging'),
(24, 'delete', 'Diagnostic Imaging'),
(25, 'read', 'Allergies'),
(26, 'write', 'Allergies'),
(27, 'read', 'Vitals'),
(28, 'update', 'Vitals'),
(29, 'delete', 'Vitals'),
(30, 'read', 'Project Data'),
(31, 'write', 'Project Data'),
(32, 'update', 'Project Data'),
(33, 'read', 'Lab Requests'),
(34, 'write', 'Lab Requests'),
(35, 'update', 'Lab Requests'),
(36, 'delete', 'Lab Requests'),
(37, 'read', 'Visualization Data'),
(38, 'write', 'Visualization Data'),
(39, 'update', 'Visualization Data'),
(40, 'delete', 'Visualization Data');

INSERT INTO Role (roleId, name, description, permissionId) VALUES
(1, 'Doctor', 'Can view and update patient records', 2),
(2, 'Nurse', 'Can view patient records', 1),
(3, 'Lab Technician', 'Can enter and update lab results', 3),
(4, 'Pharmacist', 'Can view and manage medication records', 6),
(5, 'Admin', 'Full access to system settings', 4),
(6, 'Receptionist', 'Can schedule and update appointments', 8),
(7, 'Researcher', 'Can view project and visualization data', 30),
(8, 'Physician Assistant', 'Can view and update patient notes', 20),
(9, 'Dietitian', 'Can view and update patient care plans', 12),
(10, 'Therapist', 'Can view and update therapy notes', 20),
(11, 'Radiologist', 'Can view and update diagnostic imaging', 23),
(12, 'Data Analyst', 'Can generate and view visualizations', 37),
(13, 'Billing Specialist', 'Can view and manage billing information', 14),
(14, 'Surgeon', 'Can view and update surgical care plans', 12),
(15, 'Medical Student', 'Can view patient records for learning', 1),
(16, 'Intern', 'Limited access to patient notes', 18),
(17, 'Quality Manager', 'Can review lab results and project data', 33),
(18, 'Clinic Manager', 'Can manage staff records and appointments', 16),
(19, 'Emergency Nurse', 'Can update vitals and patient notes', 28),
(20, 'Pediatrician', 'Can view and update child patient records', 2),
(21, 'Cardiologist', 'Can view and update cardiac patient records', 2),
(22, 'Endocrinologist', 'Can manage diabetes care plans', 12),
(23, 'Oncologist', 'Can manage cancer patient treatment plans', 12),
(24, 'Neurologist', 'Can update neurology patient notes', 20),
(25, 'Respiratory Therapist', 'Can monitor and update respiratory data', 27),
(26, 'Occupational Therapist', 'Can manage therapy notes and care plans', 20),
(27, 'Physical Therapist', 'Can update mobility and therapy data', 20),
(28, 'Genetic Counselor', 'Can view lab results and patient history', 3),
(29, 'Clinical Researcher', 'Can view project data and lab results', 30),
(30, 'IT Support', 'Can manage system and visualization data', 40),
(31, 'Health Coach', 'Can manage patient care plans and vitals', 12),
(32, 'Phlebotomist', 'Can enter lab sample data', 33),
(33, 'Infection Control Nurse', 'Can monitor vitals and lab results', 27),
(34, 'Public Health Officer', 'Can view patient and lab data', 1),
(35, 'Anesthesiologist', 'Can update surgical and patient records', 2),
(36, 'Respiratory Nurse', 'Can monitor vitals and respiratory data', 27),
(37, 'Occupational Health Specialist', 'Can manage care plans and lab results', 12),
(38, 'Medical Records Clerk', 'Can enter and view patient records', 1),
(39, 'Clinical Coordinator', 'Can manage project data and staff', 30),
(40, 'Telehealth Nurse', 'Can view and update virtual patient records', 2);

INSERT INTO Department (departmentId, location, name) VALUES
(1, 'Building A, Floor 1', 'Cardiology'),
(2, 'Building B, Floor 2', 'Neurology'),
(3, 'Building C, Floor 3', 'Oncology'),
(4, 'Building A, Floor 2', 'Pediatrics'),
(5, 'Building D, Floor 1', 'Emergency'),
(6, 'Building B, Floor 1', 'Radiology'),
(7, 'Building C, Floor 2', 'Orthopedics'),
(8, 'Building A, Floor 3', 'Dermatology'),
(9, 'Building D, Floor 3', 'Endocrinology'),
(10, 'Building B, Floor 4', 'Gastroenterology'),
(11, 'Building C, Floor 1', 'Urology'),
(12, 'Building A, Floor 4', 'Ophthalmology'),
(13, 'Building D, Floor 2', 'Psychiatry'),
(14, 'Building B, Floor 3', 'Pulmonology'),
(15, 'Building C, Floor 4', 'Rheumatology'),
(16, 'Building A, Floor 5', 'Hematology'),
(17, 'Building D, Floor 4', 'Nephrology'),
(18, 'Building B, Floor 5', 'Immunology'),
(19, 'Building C, Floor 5', 'Obstetrics & Gynecology'),
(20, 'Building A, Floor 6', 'Allergy & Asthma'),
(21, 'Building D, Floor 5', 'Rehabilitation'),
(22, 'Building B, Floor 6', 'Surgery'),
(23, 'Building C, Floor 6', 'Anesthesiology'),
(24, 'Building A, Floor 7', 'Infectious Diseases'),
(25, 'Building D, Floor 6', 'Genetics'),
(26, 'Building B, Floor 7', 'Pain Management'),
(27, 'Building C, Floor 7', 'Palliative Care'),
(28, 'Building A, Floor 8', 'Physical Therapy'),
(29, 'Building D, Floor 7', 'Speech Therapy'),
(30, 'Building B, Floor 8', 'Nutrition'),
(31, 'Building C, Floor 8', 'Occupational Therapy'),
(32, 'Building A, Floor 9', 'Neonatology'),
(33, 'Building D, Floor 8', 'Sleep Medicine'),
(34, 'Building B, Floor 9', 'Medical Imaging'),
(35, 'Building C, Floor 9', 'Clinical Laboratory'),
(36, 'Building A, Floor 10', 'Cardiothoracic Surgery'),
(37, 'Building D, Floor 9', 'Emergency Response'),
(38, 'Building B, Floor 10', 'Radiation Oncology'),
(39, 'Building C, Floor 10', 'Transplant Surgery'),
(40, 'Building A, Floor 11', 'Hospital Administration'); 

INSERT INTO Integration (systemName, status, lastSyncDate, departmentId) VALUES
('EHR Sync', 'active', '2025-11-24 08:00:00', 1),
('Lab Results Feed', 'active', '2025-11-23 09:15:00', 2),
('Pharmacy Interface', 'inactive', '2025-10-12 14:20:00', 3),
('Radiology Sync', 'active', '2025-09-08 10:00:00', 4),
('Billing System', 'active', '2025-08-17 16:45:00', 5),
('Patient Portal', 'inactive', '2025-07-21 11:30:00', 1),
('Vitals Monitor Feed', 'active', '2025-06-14 08:10:00', 2),
('Immunization Registry', 'active', '2025-05-30 13:05:00', 3),
('Surgery Scheduling', 'inactive', '2025-04-28 09:50:00', 4),
('Telehealth System', 'active', '2025-03-15 15:20:00', 5),
('EHR Sync', 'active', '2025-02-11 07:45:00', 1),
('Lab Results Feed', 'active', '2025-01-27 12:30:00', 2),
('Pharmacy Interface', 'inactive', '2024-12-19 10:10:00', 3),
('Radiology Sync', 'active', '2024-11-05 09:00:00', 4),
('Billing System', 'active', '2024-10-22 14:55:00', 5),
('Patient Portal', 'inactive', '2024-09-14 08:15:00', 1),
('Vitals Monitor Feed', 'active', '2024-08-30 11:50:00', 2),
('Immunization Registry', 'active', '2024-07-18 16:40:00', 3),
('Surgery Scheduling', 'inactive', '2024-06-06 09:25:00', 4),
('Telehealth System', 'active', '2024-05-02 10:35:00', 5),
('EHR Sync', 'active', '2024-04-12 08:10:00', 1),
('Lab Results Feed', 'active', '2024-03-08 12:20:00', 2),
('Pharmacy Interface', 'inactive', '2024-02-05 14:15:00', 3),
('Radiology Sync', 'active', '2024-01-15 09:30:00', 4),
('Billing System', 'active', '2023-12-21 15:05:00', 5),
('Patient Portal', 'inactive', '2023-11-10 10:50:00', 1),
('Vitals Monitor Feed', 'active', '2023-10-03 08:45:00', 2),
('Immunization Registry', 'active', '2023-09-18 13:25:00', 3),
('Surgery Scheduling', 'inactive', '2023-08-27 09:40:00', 4),
('Telehealth System', 'active', '2023-07-19 11:10:00', 5),
('EHR Sync', 'active', '2023-06-14 08:05:00', 1),
('Lab Results Feed', 'active', '2023-05-21 09:35:00', 2),
('Pharmacy Interface', 'inactive', '2023-04-13 14:00:00', 3),
('Radiology Sync', 'active', '2023-03-07 10:20:00', 4),
('Billing System', 'active', '2023-02-18 15:30:00', 5),
('Patient Portal', 'inactive', '2023-01-05 08:55:00', 1),
('Vitals Monitor Feed', 'active', '2022-12-22 12:10:00', 2),
('Immunization Registry', 'active', '2022-11-11 09:40:00', 3),
('Surgery Scheduling', 'inactive', '2022-10-03 14:25:00', 4),
('Telehealth System', 'active', '2022-09-15 11:15:00', 5);

INSERT INTO SystemAlert (type, severity, message, timestamp, departmentId, permissionId) VALUES
('Unauthorized Login Attempt', 'critical', 'Multiple failed login attempts detected', '2025-11-24 09:00:00', 1, 1),
('Suspicious Data Access', 'warning', 'Accessed patient records outside work hours', '2025-11-24 09:05:00', 2, 2),
('Malware Detected', 'critical', 'Potential malware detected on workstation', '2025-11-24 09:10:00', 3, 3),
('Unusual Network Traffic', 'warning', 'High outbound traffic from single device', '2025-11-24 09:15:00', 4, 4),
('Privilege Escalation', 'critical', 'User attempted to access admin functions', '2025-11-24 09:20:00', 5, 1),
('Unauthorized File Deletion', 'warning', 'Sensitive file deleted outside scheduled task', '2025-11-24 09:25:00', 1, 2),
('Failed Login Lockout', 'critical', 'User account locked due to multiple failed attempts', '2025-11-24 09:30:00', 2, 3),
('Suspicious Device Connection', 'warning', 'New USB device connected without approval', '2025-11-24 09:35:00', 3, 4),
('Data Exfiltration Attempt', 'critical', 'Possible data transfer to external IP detected', '2025-11-24 09:40:00', 4, 1),
('Unusual Admin Access', 'warning', 'Admin login outside normal hours', '2025-11-24 09:45:00', 5, 2),
('Phishing Email Detected', 'critical', 'User reported suspicious email with attachments', '2025-11-24 09:50:00', 1, 3),
('Failed Firewall Rules', 'warning', 'Repeated blocked network attempts', '2025-11-24 09:55:00', 2, 4),
('Unauthorized Software Installation', 'critical', 'Software installed without IT approval', '2025-11-24 10:00:00', 3, 1),
('Multiple Failed VPN Logins', 'warning', 'VPN login failures exceed threshold', '2025-11-24 10:05:00', 4, 2),
('Critical Patch Missing', 'critical', 'Important security patch not applied', '2025-11-24 10:10:00', 5, 3),
('Unusual Login Location', 'warning', 'Login from unexpected country detected', '2025-11-24 10:15:00', 1, 4),
('Suspicious Database Query', 'critical', 'Query accessed sensitive tables unusually', '2025-11-24 10:20:00', 2, 1),
('Disabled Security Software', 'warning', 'Antivirus temporarily disabled', '2025-11-24 10:25:00', 3, 2),
('Unauthorized Printer Access', 'critical', 'Attempt to print restricted document', '2025-11-24 10:30:00', 4, 3),
('Abnormal Login Frequency', 'warning', 'Multiple logins in short period', '2025-11-24 10:35:00', 5, 4),
('Critical File Access', 'critical', 'User accessed top-secret files', '2025-11-24 10:40:00', 1, 1),
('Suspicious Process Running', 'warning', 'Unknown process consuming high CPU', '2025-11-24 10:45:00', 2, 2),
('Unauthorized Network Scan', 'critical', 'Detected internal network scanning activity', '2025-11-24 10:50:00', 3, 3),
('Multiple Account Lockouts', 'warning', 'Several user accounts locked recently', '2025-11-24 10:55:00', 4, 4),
('Critical Data Change', 'critical', 'Sensitive record updated outside workflow', '2025-11-24 11:00:00', 5, 1),
('Unusual Login Time', 'warning', 'Login at unusual hour', '2025-11-24 11:05:00', 1, 2),
('Unauthorized Remote Access', 'critical', 'Remote desktop accessed without permission', '2025-11-24 11:10:00', 2, 3),
('Failed Security Audit', 'warning', 'Audit flagged non-compliant settings', '2025-11-24 11:15:00', 3, 4),
('Critical Account Compromise', 'critical', 'Potential account breach detected', '2025-11-24 11:20:00', 4, 1),
('Suspicious Configuration Change', 'warning', 'Firewall configuration altered unexpectedly', '2025-11-24 11:25:00', 5, 2),
('Unauthorized External Device', 'critical', 'Unapproved USB device connected', '2025-11-24 11:30:00', 1, 3),
('Unusual Download Activity', 'warning', 'High-volume downloads from external site', '2025-11-24 11:35:00', 2, 4),
('Critical Service Stopped', 'critical', 'Important system service stopped unexpectedly', '2025-11-24 11:40:00', 3, 1),
('Suspicious Login Pattern', 'warning', 'Multiple logins with same credentials', '2025-11-24 11:45:00', 4, 2),
('Unauthorized App Usage', 'critical', 'User opened restricted application', '2025-11-24 11:50:00', 5, 3),
('Repeated Failed Authentication', 'warning', 'Frequent authentication failures detected', '2025-11-24 11:55:00', 1, 4),
('Critical Policy Violation', 'critical', 'Security policy violated by user', '2025-11-24 12:00:00', 2, 1),
('Suspicious Script Execution', 'warning', 'Script executed outside normal schedule', '2025-11-24 12:05:00', 3, 2);

INSERT INTO Project_Patient (projectId, patientId) VALUES
(1, 1),
(1, 2),
(1, 3),
(1, 4),
(1, 5),
(2, 2),
(2, 3),
(2, 6),
(2, 7),
(2, 8),
(3, 1),
(3, 4),
(3, 9),
(3, 10),
(3, 11),
(4, 5),
(4, 6),
(4, 12),
(4, 13),
(4, 14),
(5, 7),
(5, 8),
(5, 15),
(5, 16),
(5, 17),
(6, 1),
(6, 9),
(6, 18),
(6, 19),
(6, 20),
(7, 2),
(7, 10),
(7, 21),
(7, 22),
(7, 23),
(8, 3),
(8, 11),
(8, 24),
(8, 25),
(8, 26),
(9, 4),
(9, 12),
(9, 27),
(9, 28),
(9, 29),
(10, 5),
(10, 13),
(10, 30),
(10, 31),
(10, 32),
(11, 6),
(11, 14),
(11, 33),
(11, 34),
(11, 35),
(12, 7),
(12, 15),
(12, 36),
(12, 37),
(12, 38),
(13, 8),
(13, 16),
(13, 39),
(13, 40),
(13, 41),
(14, 1),
(14, 17),
(14, 42),
(14, 43),
(14, 44),
(15, 2),
(15, 18),
(15, 45),
(15, 46),
(15, 47),
(16, 3),
(16, 19),
(16, 48),
(16, 49),
(16, 50),
(17, 4),
(17, 20),
(17, 51),
(17, 52),
(17, 53),
(18, 5),
(18, 21),
(18, 54),
(18, 55),
(18, 56),
(19, 6),
(19, 22),
(19, 57),
(19, 58),
(19, 59),
(20, 7),
(20, 23),
(20, 60),
(20, 61),
(20, 62),
(21, 8),
(21, 24),
(21, 63),
(21, 64),
(21, 65),
(22, 9),
(22, 25),
(22, 66),
(22, 67),
(22, 68),
(23, 10),
(23, 26),
(23, 69),
(23, 70),
(23, 71),
(24, 11),
(24, 27),
(24, 72),
(24, 73),
(24, 74),
(25, 12),
(25, 28),
(25, 75),
(25, 76),
(25, 77),
(26, 13),
(26, 29),
(26, 78),
(26, 79),
(26, 80),
(27, 14),
(27, 30),
(27, 81),
(27, 82),
(27, 83),
(28, 15),
(28, 31),
(28, 84),
(28, 85),
(28, 86),
(29, 16),
(29, 32),
(29, 87),
(29, 88),
(29, 89),
(30, 17),
(30, 33),
(30, 90),
(30, 91),
(30, 92),
(31, 18),
(31, 34),
(31, 93),
(31, 94),
(31, 95),
(32, 19),
(32, 35),
(32, 96),
(32, 97),
(32, 98),
(33, 20),
(33, 36),
(33, 99),
(33, 100),
(33, 101),
(34, 21),
(34, 37),
(34, 102),
(34, 103),
(34, 104),
(35, 22),
(35, 38),
(35, 105),
(35, 106),
(35, 107),
(36, 23),
(36, 39),
(36, 108),
(36, 109),
(36, 110),
(37, 24),
(37, 40),
(37, 111),
(37, 112),
(37, 113),
(38, 25),
(38, 41),
(38, 114),
(38, 115),
(38, 116),
(39, 26),
(39, 42),
(39, 117),
(39, 118),
(39, 119),
(40, 27),
(40, 43),
(40, 120),
(40, 121),
(40, 122),
(1, 28),
(1, 44),
(2, 29),
(2, 45),
(3, 30),
(3, 46),
(4, 31),
(4, 47),
(5, 32),
(5, 48),
(6, 33),
(6, 49),
(7, 34),
(7, 50),
(8, 35),
(8, 51),
(9, 36),
(9, 52),
(10, 37),
(10, 53),
(11, 38),
(11, 54),
(12, 39),
(12, 55),
(13, 40),
(13, 56);

INSERT INTO Treatment (treatmentId, type, name, dosage, frequency, startdate, endDate, patientId) VALUES
(1, 'Medication', 'Lisinopril', '10mg', 'Once Daily', '2021-02-14 09:00:00', '2022-02-14 09:00:00', 1),
(2, 'Medication', 'Metformin', '500mg', 'Twice Daily', '2020-07-10 08:30:00', '2021-07-10 08:30:00', 2),
(3, 'Therapy', 'Physical Therapy', '1 hr', 'Weekly', '2023-03-05 10:00:00', '2023-09-05 10:00:00', 3),
(4, 'Medication', 'Atorvastatin', '20mg', 'Once Daily', '2022-01-20 07:45:00', '2023-01-20 07:45:00', 4),
(5, 'Medication', 'Levothyroxine', '75mcg', 'Once Daily', '2024-08-01 06:50:00', '2025-08-01 06:50:00', 5),
(6, 'Procedure', 'MRI Scan', 'N/A', 'One Time', '2020-11-12 14:30:00', '2020-11-12 15:00:00', 6),
(7, 'Medication', 'Amlodipine', '5mg', 'Once Daily', '2023-04-18 09:20:00', '2024-04-18 09:20:00', 7),
(8, 'Medication', 'Omeprazole', '20mg', 'Once Daily', '2021-09-01 08:10:00', '2022-09-01 08:10:00', 8),
(9, 'Therapy', 'Cognitive Behavioral Therapy', '1 hr', 'Weekly', '2022-06-11 12:00:00', '2023-06-11 12:00:00', 9),
(10, 'Medication', 'Insulin Glargine', '20 units', 'Once Daily', '2024-02-03 07:15:00', '2025-02-03 07:15:00', 10),
(11, 'Procedure', 'X-Ray Chest', 'N/A', 'One Time', '2020-03-15 13:10:00', '2020-03-15 13:30:00', 1),
(12, 'Medication', 'Hydrochlorothiazide', '25mg', 'Once Daily', '2021-12-05 09:45:00', '2022-12-05 09:45:00', 2),
(13, 'Medication', 'Vitamin D3', '2000 IU', 'Once Daily', '2023-10-22 08:00:00', '2024-10-22 08:00:00', 3),
(14, 'Medication', 'Sertraline', '50mg', 'Once Daily', '2020-05-10 07:30:00', '2021-05-10 07:30:00', 4),
(15, 'Therapy', 'Occupational Therapy', '1 hr', 'Twice Weekly', '2022-09-14 15:00:00', '2023-02-14 15:00:00', 5),
(16, 'Procedure', 'Blood Transfusion', '1 unit', 'One Time', '2025-01-18 11:45:00', '2025-01-18 13:00:00', 6),
(17, 'Medication', 'Prednisone', '10mg', 'Once Daily', '2024-03-08 08:20:00', '2024-08:08 08:20:00', 7),
(18, 'Medication', 'Azithromycin', '500mg', 'Once Daily', '2021-11-03 09:00:00', '2021-11-08 09:00:00', 8),
(19, 'Medication', 'Gabapentin', '300mg', 'Three Times Daily', '2022-04-07 10:10:00', '2023-04-07 10:10:00', 9),
(20, 'Medication', 'Warfarin', '5mg', 'Once Daily', '2023-07-25 06:40:00', '2024-07-25 06:40:00', 10),
(21, 'Medication', 'Insulin Aspart', '8 units', 'Three Times Daily', '2024-01-11 12:00:00', '2025-01-11 12:00:00', 1),
(22, 'Procedure', 'CT Scan Abdomen', 'N/A', 'One Time', '2020-06-22 14:00:00', '2020-06-22 14:30:00', 2),
(23, 'Medication', 'Furosemide', '40mg', 'Once Daily', '2022-10-10 09:20:00', '2023-10-10 09:20:00', 3),
(24, 'Medication', 'Propranolol', '10mg', 'Twice Daily', '2023-02-05 16:00:00', '2024-02-05 16:00:00', 4),
(25, 'Therapy', 'Speech Therapy', '1 hr', 'Weekly', '2021-03-01 11:00:00', '2021-08-01 11:00:00', 5),
(26, 'Medication', 'Amoxicillin', '875mg', 'Twice Daily', '2020-09-12 07:30:00', '2020-09-22 07:30:00', 6),
(27, 'Medication', 'Clopidogrel', '75mg', 'Once Daily', '2024-11-01 08:00:00', '2025-11-01 08:00:00', 7),
(28, 'Medication', 'Albuterol Inhaler', '2 puffs', 'As Needed', '2022-05-15 12:15:00', '2023-05-15 12:15:00', 8),
(29, 'Procedure', 'Ultrasound Kidney', 'N/A', 'One Time', '2023-01-19 10:30:00', '2023-01-19 11:00:00', 9),
(30, 'Medication', 'Montelukast', '10mg', 'Once Daily', '2021-07-17 09:40:00', '2022-07-17 09:40:00', 10),
(31, 'Medication', 'Iron Supplement', '325mg', 'Once Daily', '2020-04-08 08:00:00', '2021-04-08 08:00:00', 1),
(32, 'Therapy', 'Chiropractic Therapy', '30 min', 'Biweekly', '2024-06-14 13:00:00', '2024-12-14 13:00:00', 2),
(33, 'Medication', 'Fluoxetine', '20mg', 'Once Daily', '2023-01-02 07:15:00', '2024-01-02 07:15:00', 3),
(34, 'Medication', 'Meloxicam', '15mg', 'Once Daily', '2021-08-23 10:45:00', '2022-08-23 10:45:00', 4),
(35, 'Procedure', 'Colonoscopy', 'N/A', 'One Time', '2025-03-27 08:30:00', '2025-03-27 09:15:00', 5),
(36, 'Medication', 'Celecoxib', '200mg', 'Once Daily', '2020-01-10 07:00:00', '2021-01-10 07:00:00', 6),
(37, 'Medication', 'Diazepam', '5mg', 'As Needed', '2022-04-14 14:20:00', '2023-04-14 14:20:00', 7),
(38, 'Medication', 'Doxycycline', '100mg', 'Twice Daily', '2021-10-06 08:10:00', '2021-10-20 08:10:00', 8),
(39, 'Medication', 'Risperidone', '1mg', 'Once Daily', '2023-11-08 20:00:00', '2024-11-08 20:00:00', 9),
(40, 'Procedure', 'ECG', 'N/A', 'One Time', '2020-02-22 09:50:00', '2020-02-22 10:00:00', 10),
(41, 'Medication', 'Methotrexate', '7.5mg', 'Weekly', '2021-03-19 06:30:00', '2022-03-19 06:30:00', 1),
(42, 'Medication', 'Semaglutide', '0.5mg', 'Weekly', '2024-07-01 09:00:00', '2025-07-01 09:00:00', 2),
(43, 'Procedure', 'Echocardiogram', 'N/A', 'One Time', '2023-05-09 11:00:00', '2023-05-09 11:45:00', 3),
(44, 'Medication', 'Bisoprolol', '5mg', 'Once Daily', '2022-02-28 08:30:00', '2023-02-28 08:30:00', 4),
(45, 'Medication', 'Topiramate', '25mg', 'Twice Daily', '2020-12-17 07:40:00', '2021-12-17 07:40:00', 5),
(46, 'Therapy', 'Respiratory Therapy', '45 min', 'Weekly', '2024-03-20 16:00:00', '2024-09-20 16:00:00', 6),
(47, 'Medication', 'Losartan', '50mg', 'Once Daily', '2021-06-13 09:00:00', '2022-06-13 09:00:00', 7),
(48, 'Procedure', 'PET Scan', 'N/A', 'One Time', '2025-04-08 14:15:00', '2025-04-08 15:00:00', 8),
(49, 'Medication', 'Citalopram', '20mg', 'Once Daily', '2022-09-07 08:30:00', '2023-09-07 08:30:00', 9),
(50, 'Medication', 'Folic Acid', '1mg', 'Once Daily', '2020-03-12 07:25:00', '2021-03-12 07:25:00', 10),
(51, 'Medication', 'Insulin Lispro', '6 units', 'Three Times Daily', '2024-09-18 12:00:00', '2025-09-18 12:00:00', 1),
(52, 'Therapy', 'Massage Therapy', '30 min', 'Weekly', '2023-02-14 18:00:00', '2023-08-14 18:00:00', 2),
(53, 'Procedure', 'Endoscopy', 'N/A', 'One Time', '2021-04-04 09:30:00', '2021-04-04 10:15:00', 3),
(54, 'Medication', 'Zolpidem', '10mg', 'As Needed', '2022-11-29 23:00:00', '2023-11-29 23:00:00', 4),
(55, 'Medication', 'Allopurinol', '300mg', 'Once Daily', '2020-10-09 08:00:00', '2021-10-09 08:00:00', 5),
(56, 'Therapy', 'Dietary Counseling', '1 hr', 'Monthly', '2024-01-02 14:00:00', '2024-12-02 14:00:00', 6),
(57, 'Medication', 'Naproxen', '500mg', 'Twice Daily', '2023-06-21 08:45:00', '2024-06-21 08:45:00', 7),
(58, 'Procedure', 'Mammogram', 'N/A', 'One Time', '2022-08-11 10:00:00', '2022-08-11 10:30:00', 8),
(59, 'Medication', 'Cetirizine', '10mg', 'Once Daily', '2021-05-30 07:00:00', '2022-05-30 07:00:00', 9),
(60, 'Medication', 'Pantoprazole', '40mg', 'Once Daily', '2023-12-24 06:15:00', '2024-12-24 06:15:00', 10);

INSERT INTO Project_Treatment (projectId, treatmentId, patientId) VALUES
(1, 1, 1),
(1, 2, 2),
(1, 3, 3),
(1, 4, 4),
(1, 5, 5),
(2, 2, 1),
(2, 3, 2),
(2, 6, 6),
(2, 7, 7),
(2, 8, 8),
(3, 1, 3),
(3, 4, 4),
(3, 9, 9),
(3, 10, 10),
(3, 11, 11),
(4, 5, 1),
(4, 6, 2),
(4, 12, 12),
(4, 13, 13),
(4, 14, 14),
(5, 7, 3),
(5, 8, 4),
(5, 15, 15),
(5, 16, 16),
(5, 17, 17),
(6, 1, 5),
(6, 9, 6),
(6, 18, 18),
(6, 19, 19),
(6, 20, 20),
(7, 2, 7),
(7, 10, 8),
(7, 21, 21),
(7, 22, 22),
(7, 23, 23),
(8, 3, 9),
(8, 11, 10),
(8, 24, 24),
(8, 25, 25),
(8, 26, 26),
(9, 4, 11),
(9, 12, 12),
(9, 27, 27),
(9, 28, 28),
(9, 29, 29),
(10, 5, 13),
(10, 13, 14),
(10, 30, 30),
(10, 31, 31),
(10, 32, 32),
(11, 6, 15),
(11, 14, 16),
(11, 33, 33),
(11, 34, 34),
(11, 35, 35),
(12, 7, 17),
(12, 15, 18),
(12, 36, 36),
(12, 37, 37),
(12, 38, 38),
(13, 8, 19),
(13, 16, 20),
(13, 39, 39),
(13, 40, 40),
(13, 41, 41),
(14, 1, 1),
(14, 17, 2),
(14, 42, 42),
(14, 43, 43),
(14, 44, 44),
(15, 2, 3),
(15, 18, 4),
(15, 45, 45),
(15, 46, 46),
(15, 47, 47),
(16, 3, 5),
(16, 19, 6),
(16, 48, 48),
(16, 49, 49),
(16, 50, 50),
(17, 4, 7),
(17, 20, 8),
(17, 51, 51),
(17, 52, 52),
(17, 53, 53),
(18, 5, 9),
(18, 21, 10),
(18, 54, 54),
(18, 55, 55),
(18, 56, 56),
(19, 6, 11),
(19, 22, 12),
(19, 57, 57),
(19, 58, 58),
(19, 59, 59),
(20, 7, 13),
(20, 23, 14),
(20, 60, 60),
(20, 61, 61),
(20, 62, 62),
(21, 8, 15),
(21, 24, 16),
(21, 63, 63),
(21, 64, 64),
(21, 65, 65),
(22, 9, 17),
(22, 25, 18),
(22, 66, 66),
(22, 67, 67),
(22, 68, 68),
(23, 10, 19),
(23, 26, 20),
(23, 69, 69),
(23, 70, 70),
(23, 71, 71),
(24, 11, 21),
(24, 27, 22),
(24, 72, 72),
(24, 73, 73),
(24, 74, 74),
(25, 12, 23),
(25, 28, 24),
(25, 75, 75),
(25, 76, 76),
(25, 77, 77),
(26, 13, 25),
(26, 29, 26),
(26, 78, 78),
(26, 79, 79),
(26, 80, 80),
(27, 14, 27),
(27, 30, 28),
(27, 81, 81),
(27, 82, 82),
(27, 83, 83),
(28, 15, 29),
(28, 31, 30),
(28, 84, 84),
(28, 85, 85),
(28, 86, 86),
(29, 16, 32),
(29, 32, 33),
(29, 87, 87),
(29, 88, 88),
(29, 89, 89),
(30, 17, 34),
(30, 33, 35),
(30, 90, 90),
(30, 91, 91),
(30, 92, 92),
(31, 18, 36),
(31, 34, 37),
(31, 93, 93),
(31, 94, 94),
(31, 95, 95),
(32, 19, 38),
(32, 35, 39),
(32, 96, 96),
(32, 97, 97),
(32, 98, 98),
(33, 20, 40),
(33, 36, 41),
(33, 99, 99),
(33, 100, 100); 

INSERT INTO Staff_Role (staffId, roleId) VALUES
(1, 1),
(1, 2),
(2, 1),
(2, 3),
(3, 2),
(3, 4),
(4, 1),
(4, 2),
(5, 3),
(5, 4),
(6, 1),
(6, 3),
(7, 2),
(7, 4),
(8, 1),
(8, 2),
(9, 3),
(9, 4),
(10, 1),
(10, 2),
(11, 1),
(11, 3),
(12, 2),
(12, 4),
(13, 1),
(13, 2),
(14, 3),
(14, 4),
(15, 1),
(15, 3),
(16, 2),
(16, 4),
(17, 1),
(17, 2),
(18, 3),
(18, 4),
(19, 1),
(19, 2),
(20, 1),
(20, 3),
(21, 2),
(21, 4),
(22, 1),
(22, 2),
(23, 3),
(23, 4),
(24, 1),
(24, 2),
(25, 1),
(25, 3),
(26, 2),
(26, 4),
(27, 1),
(27, 2),
(28, 3),
(28, 4),
(29, 1),
(29, 3),
(30, 2),
(30, 4),
(31, 1),
(31, 2),
(32, 3),
(32, 4),
(33, 1),
(33, 2),
(34, 1),
(34, 3),
(35, 2),
(35, 4),
(36, 1),
(36, 2),
(37, 3),
(37, 4),
(38, 1),
(38, 3),
(39, 2),
(39, 4),
(40, 1),
(40, 2),
(1, 3),
(2, 4),
(3, 1),
(4, 3),
(5, 2),
(6, 4),
(7, 1),
(8, 3),
(9, 2),
(10, 4),
(11, 1),
(12, 3),
(13, 2),
(14, 4),
(15, 1),
(16, 3),
(17, 2),
(18, 4),
(19, 1),
(20, 3),
(21, 2),
(22, 4),
(23, 1),
(24, 3),
(25, 2),
(26, 4),
(27, 1),
(28, 3),
(29, 2),
(30, 4),
(31, 1),
(32, 3),
(33, 2),
(34, 4),
(35, 1),
(36, 3),
(37, 2),
(38, 4),
(39, 1),
(40, 3);

INSERT INTO Project_Condition (projectId, conditionsId, patientId) VALUES
(1, 1, 1),
(1, 2, 2),
(1, 3, 3),
(2, 1, 1),
(2, 2, 4),
(2, 3, 5),
(3, 1, 2),
(3, 2, 3),
(3, 3, 6),
(4, 1, 4),
(4, 2, 5),
(4, 3, 7),
(5, 1, 3),
(5, 2, 6),
(5, 3, 8),
(6, 1, 4),
(6, 2, 7),
(6, 3, 9),
(7, 1, 5),
(7, 2, 8),
(7, 3, 10),
(8, 1, 6),
(8, 2, 9),
(8, 3, 1),
(9, 1, 7),
(9, 2, 10),
(9, 3, 2),
(10, 1, 8),
(10, 2, 1),
(10, 3, 3),
(11, 1, 9),
(11, 2, 2),
(11, 3, 4),
(12, 1, 10),
(12, 2, 3),
(12, 3, 5),
(13, 1, 1),
(13, 2, 4),
(13, 3, 6),
(14, 1, 2),
(14, 2, 5),
(14, 3, 7),
(15, 1, 3),
(15, 2, 6),
(15, 3, 8),
(16, 1, 4),
(16, 2, 7),
(16, 3, 9),
(17, 1, 5),
(17, 2, 8),
(17, 3, 10),
(18, 1, 6),
(18, 2, 9),
(18, 3, 1),
(19, 1, 7),
(19, 2, 10),
(19, 3, 2),
(20, 1, 8),
(20, 2, 1),
(20, 3, 3),
(21, 1, 9),
(21, 2, 2),
(21, 3, 4),
(22, 1, 10),
(22, 2, 3),
(22, 3, 5),
(23, 1, 1),
(23, 2, 4),
(23, 3, 6),
(24, 1, 2),
(24, 2, 5),
(24, 3, 7),
(25, 1, 3),
(25, 2, 6),
(25, 3, 8),
(26, 1, 4),
(26, 2, 7),
(26, 3, 9),
(27, 1, 5),
(27, 2, 8),
(27, 3, 10),
(28, 1, 6),
(28, 2, 9),
(28, 3, 1),
(29, 1, 7),
(29, 2, 10),
(29, 3, 2),
(30, 1, 8),
(30, 2, 1),
(30, 3, 3),
(31, 1, 9),
(31, 2, 2),
(31, 3, 4),
(32, 1, 10),
(32, 2, 3),
(32, 3, 5),
(33, 1, 1),
(33, 2, 4),
(33, 3, 6),
(34, 1, 2),
(34, 2, 5),
(34, 3, 7),
(35, 1, 3),
(35, 2, 6),
(35, 3, 8),
(36, 1, 4),
(36, 2, 7),
(36, 3, 9),
(37, 1, 5),
(37, 2, 8),
(37, 3, 10),
(38, 1, 6),
(38, 2, 9),
(38, 3, 1),
(39, 1, 7),
(39, 2, 10),
(39, 3, 2),
(40, 1, 8),
(40, 2, 1),
(40, 3, 3);

INSERT INTO Project_Vitals (projectId, vitalsId, patientId) VALUES
(1, 1, 1),
(1, 2, 1),
(1, 3, 2),
(2, 4, 2),
(2, 5, 3),
(2, 6, 3),
(3, 7, 4),
(3, 8, 4),
(3, 9, 5),
(4, 10, 5),
(4, 11, 6),
(4, 12, 6),
(5, 13, 7),
(5, 14, 7),
(5, 15, 8),
(6, 16, 8),
(6, 17, 9),
(6, 18, 9),
(7, 19, 10),
(7, 20, 10),
(7, 21, 11),
(8, 22, 11),
(8, 23, 12),
(8, 24, 12),
(9, 25, 13),
(9, 26, 13),
(9, 27, 14),
(10, 28, 14),
(10, 29, 15),
(10, 30, 15),
(11, 31, 16),
(11, 32, 16),
(11, 33, 17),
(12, 34, 17),
(12, 35, 18),
(12, 36, 18),
(13, 37, 19),
(13, 38, 19),
(13, 39, 20),
(14, 40, 20),
(14, 41, 21),
(14, 42, 21),
(15, 43, 22),
(15, 44, 22),
(15, 45, 23),
(16, 46, 23),
(16, 47, 24),
(16, 48, 24),
(17, 49, 25),
(17, 50, 25),
(17, 51, 26),
(18, 52, 26),
(18, 53, 27),
(18, 54, 27),
(19, 55, 28),
(19, 56, 28),
(19, 57, 29),
(20, 58, 29),
(20, 59, 30),
(20, 60, 30),
(21, 61, 31),
(21, 62, 31),
(21, 63, 32),
(22, 64, 32),
(22, 65, 33),
(22, 66, 33),
(23, 67, 34),
(23, 68, 34),
(23, 69, 35),
(24, 70, 35),
(24, 71, 36),
(24, 72, 36),
(25, 73, 37),
(25, 74, 37),
(25, 75, 38),
(26, 76, 38),
(26, 77, 39),
(26, 78, 39),
(27, 79, 40),
(27, 80, 40),
(27, 81, 1),
(28, 82, 1),
(28, 83, 2),
(28, 84, 2),
(29, 85, 3),
(29, 86, 3),
(29, 87, 4),
(30, 88, 4),
(30, 89, 5),
(30, 90, 5),
(31, 91, 6),
(31, 92, 6),
(31, 93, 7),
(32, 94, 7),
(32, 95, 8),
(32, 96, 8),
(33, 97, 9),
(33, 98, 9),
(33, 99, 10),
(34, 100, 10),
(34, 101, 11),
(34, 102, 11),
(35, 103, 12),
(35, 104, 12),
(35, 105, 13),
(36, 106, 13),
(36, 107, 14),
(36, 108, 14),
(37, 109, 15),
(37, 110, 15),
(37, 111, 16),
(38, 112, 16),
(38, 113, 17),
(38, 114, 17),
(39, 115, 18),
(39, 116, 18),
(39, 117, 19),
(40, 118, 19),
(40, 119, 20),
(40, 120, 20),
(41, 121, 21),
(41, 122, 22),
(41, 123, 23),
(42, 124, 24),
(42, 125, 25),
(42, 126, 26),
(43, 127, 27),
(43, 128, 28),
(43, 129, 29),
(44, 130, 30);

INSERT INTO Project_Labs (projectId, labResultId, patientId) VALUES
(1, 1, 1),
(1, 2, 2),
(1, 3, 3),
(1, 4, 4),
(2, 5, 1),
(2, 6, 2),
(2, 7, 3),
(2, 8, 4),
(3, 9, 1),
(3, 10, 2),
(3, 11, 3),
(3, 12, 4),
(4, 13, 5),
(4, 14, 6),
(4, 15, 7),
(4, 16, 8),
(5, 17, 5),
(5, 18, 6),
(5, 19, 7),
(5, 20, 8),
(6, 21, 9),
(6, 22, 10),
(6, 23, 11),
(6, 24, 12),
(7, 25, 9),
(7, 26, 10),
(7, 27, 11),
(7, 28, 12),
(8, 29, 13),
(8, 30, 14),
(8, 31, 15),
(8, 32, 16),
(9, 33, 13),
(9, 34, 14),
(9, 35, 15),
(9, 36, 16),
(10, 37, 17),
(10, 38, 18),
(10, 39, 19),
(10, 40, 20),
(11, 41, 17),
(11, 42, 18),
(11, 43, 19),
(11, 44, 20),
(12, 45, 21),
(12, 46, 22),
(12, 47, 23),
(12, 48, 24),
(13, 49, 21),
(13, 50, 22),
(13, 51, 23),
(13, 52, 24),
(14, 53, 25),
(14, 54, 26),
(14, 55, 27),
(14, 56, 28),
(15, 57, 25),
(15, 58, 26),
(15, 59, 27),
(15, 60, 28),
(16, 61, 29),
(16, 62, 30),
(16, 63, 31),
(16, 64, 32),
(17, 65, 29),
(17, 66, 30),
(17, 67, 31),
(17, 68, 32),
(18, 69, 33),
(18, 70, 34),
(18, 71, 35),
(18, 72, 36),
(19, 73, 33),
(19, 74, 34),
(19, 75, 35),
(19, 76, 36),
(20, 77, 37),
(20, 78, 38),
(20, 79, 39),
(20, 80, 40),
(21, 81, 37),
(21, 82, 38),
(21, 83, 39),
(21, 84, 40),
(22, 85, 1),
(22, 86, 2),
(22, 87, 3),
(22, 88, 4),
(23, 89, 1),
(23, 90, 2),
(23, 91, 3),
(23, 92, 4),
(24, 93, 5),
(24, 94, 6),
(24, 95, 7),
(24, 96, 8),
(25, 97, 5),
(25, 98, 6),
(25, 99, 7),
(25, 100, 8),
(26, 101, 9),
(26, 102, 10),
(26, 103, 11),
(26, 104, 12),
(27, 105, 9),
(27, 106, 10),
(27, 107, 11),
(27, 108, 12),
(28, 109, 13),
(28, 110, 14),
(28, 111, 15),
(28, 112, 16),
(29, 113, 13),
(29, 114, 14),
(29, 115, 15),
(29, 116, 16),
(30, 117, 17),
(30, 118, 18),
(30, 119, 19),
(30, 120, 20),
(31, 121, 17),
(31, 122, 18),
(31, 123, 19),
(31, 124, 20),
(32, 125, 21),
(32, 126, 22),
(32, 127, 23),
(32, 128, 24),
(33, 129, 21),
(33, 130, 22);
